company_id,metric,value,z_score,sector,sector_mean,sector_std
INDIGO,asset_turnover,56.38625204582652,3.4725940517670435,Consumer Discretionary,5.157839331155129,14.752203093996432
INDIGO,return_on_capital_employed_pct,5640.87982832618,3.473055872653891,Consumer Discretionary,436.62496107623014,1498.4656331696692
INDIGO,return_on_equity_pct,892.568306010929,3.471902785993034,Consumer Discretionary,86.7241057634709,232.10448273452175
ADANIGREEN,debt_to_equity,6.595281675818589,3.1428777700392243,Energy,1.459648082065076,1.6340545097588755
BAJAJHLDNG,interest_coverage,3764.5,3.58874950243471,Financials,349.4110741679942,951.6097246450644
BAJAJHLDNG,net_profit_margin_pct,432.7262044653349,4.4978139114942115,Financials,38.23800342228855,87.7066523439148
ICICIPRULI,return_on_capital_employed_pct,754.9037279803359,3.2222832961837735,Financials,79.27767597625696,209.6730764809658
PNB,asset_turnover,1.50702629506294,4.233577435077389,Financials,0.19832550467494797,0.30912409432852844
PNB,return_on_equity_pct,61.32056519118731,3.3323825483479577,Financials,18.86515288374432,12.740257665942478
